{"_timestamp":1.7522161235170348e+09,"_step":1000,"train/grad_norm":NaN,"total_flos":0,"train_runtime":3564.6079,"train/loss":0,"train/learning_rate":2.7339624120159555e-12,"train_loss":1.4852632345739265e+12,"train/epoch":4.916420845624385,"_runtime":3563.071110446,"_wandb":{"runtime":3585},"train_steps_per_second":2.805,"train/global_step":10000,"train_samples_per_second":67.329}