{"_timestamp":1.7522384821798341e+09,"_step":1000,"train_samples_per_second":21.031,"total_flos":0,"train_loss":1.4797235164348416e+12,"_wandb":{"runtime":1924},"_runtime":1901.020273624,"train/learning_rate":2.7339624120159555e-12,"train/global_step":10000,"train_steps_per_second":5.258,"train/epoch":0.8194706219782021,"train/grad_norm":NaN,"train_runtime":1901.9244,"train/loss":0}