{"train/learning_rate":9.999770075521164e-05,"_runtime":215.61132867,"train/epoch":0.17371353654539495,"train/global_step":530,"_timestamp":1.7521062942724082e+09,"train/grad_norm":9.859469413757324,"train/loss":1.7296,"_wandb":{"runtime":217},"_step":52}