{
    "new_embodiment": {
        "statistics": {
            "state": {
                "arm_joints": {
                    "max": [
                        0.19290678203105927,
                        0.8626356720924377,
                        0.07208073884248734,
                        -1.710224986076355,
                        2.627154588699341,
                        2.350726842880249,
                        -1.8185124397277832
                    ],
                    "min": [
                        -0.40557539463043213,
                        -0.7448316216468811,
                        -0.4750618636608124,
                        -2.855916976928711,
                        1.70021390914917,
                        1.417293667793274,
                        -2.657559633255005
                    ],
                    "mean": [
                        -0.05706207454204559,
                        0.525094211101532,
                        -0.17056290805339813,
                        -2.1444389820098877,
                        2.20890212059021,
                        1.7070680856704712,
                        -2.1476519107818604
                    ],
                    "std": [
                        0.13791795074939728,
                        0.2695165276527405,
                        0.12862075865268707,
                        0.1675315648317337,
                        0.19539344310760498,
                        0.13570614159107208,
                        0.1697971224784851
                    ],
                    "q01": [
                        -0.27455616295337676,
                        -0.28642850518226626,
                        -0.37748551517724993,
                        -2.518747365474701,
                        1.8424049973487855,
                        1.4416901171207428,
                        -2.6216023087501528
                    ],
                    "q99": [
                        0.17591498270630837,
                        0.8325679212808609,
                        0.04380394145846371,
                        -1.8297943890094757,
                        2.6118187069892884,
                        2.0300704121589663,
                        -1.881586754322052
                    ]
                },
                "arm_joint_velocities": {
                    "max": [
                        0.42959144711494446,
                        0.8726555705070496,
                        0.381147563457489,
                        0.8520599603652954,
                        0.5441098809242249,
                        0.6107938885688782,
                        0.7919028401374817
                    ],
                    "min": [
                        -0.5246239900588989,
                        -1.2304531335830688,
                        -0.49218955636024475,
                        -0.7576214671134949,
                        -0.7172396183013916,
                        -0.49766838550567627,
                        -0.5829642415046692
                    ],
                    "mean": [
                        0.00026004164828918874,
                        -0.012567512691020966,
                        0.002581021748483181,
                        0.0031476332806050777,
                        0.009428502060472965,
                        0.008831478655338287,
                        -0.008790440857410431
                    ],
                    "std": [
                        0.09200888127088547,
                        0.2896287441253662,
                        0.09146095812320709,
                        0.16369140148162842,
                        0.1256331354379654,
                        0.11382293701171875,
                        0.08940649032592773
                    ],
                    "q01": [
                        -0.30456705689430236,
                        -0.9213620305061341,
                        -0.3034011542797089,
                        -0.5016618937253952,
                        -0.4548711612820625,
                        -0.23917886465787888,
                        -0.2520124793052673
                    ],
                    "q99": [
                        0.3059433400630951,
                        0.6099387079477311,
                        0.2508814170956612,
                        0.48404189944267284,
                        0.30768605172634145,
                        0.3857332885265352,
                        0.3141517817974094
                    ]
                },
                "hand_joints": {
                    "max": [
                        1000.0,
                        1000.0,
                        1000.0,
                        999.0,
                        1000.0,
                        990.0
                    ],
                    "min": [
                        403.0,
                        418.0,
                        481.0,
                        455.0,
                        567.0,
                        0.0
                    ],
                    "mean": [
                        823.75048828125,
                        756.4871215820312,
                        781.4393310546875,
                        760.6744384765625,
                        893.2459716796875,
                        224.131103515625
                    ],
                    "std": [
                        111.3565902709961,
                        165.68508911132812,
                        170.86473083496094,
                        171.3282928466797,
                        96.09599304199219,
                        284.698974609375
                    ],
                    "q01": [
                        488.0,
                        465.0,
                        512.0,
                        494.0,
                        674.65,
                        0.0
                    ],
                    "q99": [
                        998.0,
                        999.0,
                        998.0,
                        998.0,
                        1000.0,
                        986.0
                    ]
                }
            },
            "action": {
                "arm_eef_pos": {
                    "max": [
                        0.7083085179328918,
                        0.20557519793510437,
                        0.638829231262207,
                        -0.3344811797142029,
                        1.5414631366729736,
                        0.8403220176696777
                    ],
                    "min": [
                        0.2599310278892517,
                        -0.2654762268066406,
                        0.05697454884648323,
                        -1.1950713396072388,
                        0.9363363981246948,
                        -0.2116878777742386
                    ],
                    "mean": [
                        0.5770009756088257,
                        -0.020520038902759552,
                        0.20328855514526367,
                        -0.6432381272315979,
                        1.2891966104507446,
                        0.39781635999679565
                    ],
                    "std": [
                        0.056081827729940414,
                        0.1316741555929184,
                        0.1063443273305893,
                        0.13225919008255005,
                        0.0776992216706276,
                        0.18724539875984192
                    ],
                    "q01": [
                        0.37955684810876844,
                        -0.20290173217654228,
                        0.0854078359901905,
                        -1.019684511423111,
                        1.0770639955997467,
                        -0.1482504926621914
                    ],