{"train/global_step":100,"_step":10,"train/learning_rate":2.7337132953697554e-08,"train_samples_per_second":2.939,"_wandb":{"runtime":89},"train_runtime":68.0512,"total_flos":0,"_timestamp":1.7520573183498719e+09,"train/grad_norm":14.959246635437012,"_runtime":67.36786264,"train_loss":6.567098617553711,"train/loss":9.3582,"train/epoch":0.004097520999795124,"train_steps_per_second":1.469}