{"train/epoch":0.29870928088506454,"train/global_step":7290,"_timestamp":1.7520594793589468e+09,"train/grad_norm":NaN,"_wandb":{"runtime":1618},"_step":728,"train/learning_rate":1.8783052747471717e-05,"_runtime":1617.245510562,"train/loss":0}