{"train/learning_rate":3.0377360626943076e-13,"train/grad_norm":NaN,"train_loss":8.651862276778667e+11,"total_flos":0,"_step":3000,"_runtime":15438.917236036,"_wandb":{"runtime":15462},"train_runtime":15439.6341,"train/epoch":14.749262536873156,"train/loss":0,"_timestamp":1.752158360241441e+09,"train_samples_per_second":46.633,"train_steps_per_second":1.943,"train/global_step":30000}