{"_runtime":8557.762923678,"train_steps_per_second":3.505,"train/learning_rate":3.0377360626943076e-13,"_wandb":{"runtime":8579},"_step":3000,"total_flos":0,"train/epoch":9.83284169124877,"train/loss":0.0953,"train_runtime":8558.4501,"train/global_step":30000,"train/grad_norm":2.2556514739990234,"_timestamp":1.7521282706077063e+09,"train_loss":0.3697076129297415,"train_samples_per_second":56.085}