{"train/grad_norm":2.2018890380859375,"train_steps_per_second":2.531,"_runtime":1974.708178537,"train/loss":0.1711,"train/learning_rate":1.0935849353854721e-11,"train/epoch":2.4582104228121926,"train_loss":0.7992940635681153,"_step":500,"train_runtime":1975.3862,"train/global_step":5000,"_timestamp":1.7524910776120322e+09,"total_flos":0,"train_samples_per_second":60.748,"_wandb":{"runtime":1999}}