{"_timestamp":1.7522388788945372e+09,"train/learning_rate":2.7339624120159555e-12,"train_loss":1.5069503694667776e+12,"train/global_step":10000,"total_flos":0,"train_samples_per_second":19.215,"train_steps_per_second":4.804,"train/loss":0,"train/epoch":0.8194706219782021,"train_runtime":2081.7336,"_step":1000,"_runtime":2080.950426012,"train/grad_norm":NaN,"_wandb":{"runtime":2100}}