{"train_runtime":2088.8769,"train/grad_norm":3.6703059673309326,"train/learning_rate":2.7339624120159555e-12,"train/global_step":10000,"train/epoch":0.8194706219782021,"_step":1000,"train/loss":0.7274,"_wandb":{"runtime":2110},"_timestamp":1.7522410444297218e+09,"train_steps_per_second":4.787,"train_loss":1.0378447021365165,"train_samples_per_second":19.149,"_runtime":2088.210748862,"total_flos":0}