{"train_runtime":15247.5691,"_step":3000,"train/grad_norm":NaN,"train_loss":8.590072277407062e+11,"train/learning_rate":3.0377360626943076e-13,"_timestamp":1.752158030848981e+09,"train/global_step":30000,"train/epoch":14.749262536873156,"train/loss":0,"total_flos":0,"_runtime":15246.841498591,"train_samples_per_second":47.221,"_wandb":{"runtime":15274},"train_steps_per_second":1.968}