{"train_loss":8.711018821779456e+11,"train/learning_rate":3.0377360626943076e-13,"total_flos":0,"_step":3000,"train/loss":0,"train/global_step":30000,"_timestamp":1.7521535125728383e+09,"train_samples_per_second":67.877,"train/grad_norm":NaN,"_wandb":{"runtime":10648},"train_steps_per_second":2.828,"_runtime":10606.655528377,"train_runtime":10607.36,"train/epoch":14.749262536873156}