{"train/loss":0.0841,"total_flos":0,"train_runtime":8203.8501,"train_loss":0.36601152884960175,"train_samples_per_second":58.509,"train/learning_rate":3.0377360626943076e-13,"train_steps_per_second":3.657,"train/epoch":9.83284169124877,"_timestamp":1.7521273565037975e+09,"train/grad_norm":2.3715853691101074,"_runtime":8203.20295851,"_wandb":{"runtime":8219},"_step":3000,"train/global_step":30000}