{"train/global_step":30000,"train_loss":0.3095060762663682,"train_runtime":15837.4007,"train_steps_per_second":1.894,"train/learning_rate":3.0377360626943076e-13,"_timestamp":1.7521587425820656e+09,"_runtime":15836.729801055,"total_flos":0,"train/grad_norm":0.6200907826423645,"_wandb":{"runtime":15877},"train_samples_per_second":45.462,"train/loss":0.0647,"train/epoch":14.749262536873156,"_step":3000}