{"total_flos":0,"train_loss":1.0625028781056405,"train_runtime":1933.2192,"train_steps_per_second":5.173,"_runtime":1931.71072695,"train/global_step":10000,"train/epoch":0.8194706219782021,"_timestamp":1.7522364903385e+09,"_wandb":{"runtime":1954},"_step":1000,"train_samples_per_second":20.691,"train/learning_rate":2.7339624120159555e-12,"train/loss":0.7442,"train/grad_norm":3.305614471435547}