{"train/loss":0,"_runtime":1126.878046375,"_timestamp":1.7522457922400866e+09,"train_loss":2.2432164632526846e+12,"train/learning_rate":1.0935849353854721e-11,"train/epoch":0.40973531098910104,"total_flos":0,"train/grad_norm":NaN,"train/global_step":5000,"train_runtime":1128.0694,"train_samples_per_second":17.729,"_wandb":{"runtime":1148},"_step":500,"train_steps_per_second":4.432}