{"train_samples_per_second":68.563,"train/grad_norm":0.8216259479522705,"_wandb":{"runtime":10522},"_step":3000,"_timestamp":1.7521533244166486e+09,"_runtime":10500.665259768,"total_flos":0,"train_steps_per_second":2.857,"train/epoch":14.749262536873156,"train/learning_rate":3.0377360626943076e-13,"train/global_step":30000,"train/loss":0.066,"train_loss":0.3137421995937824,"train_runtime":10501.322}