{"_timestamp":1.7522246957518244e+09,"train/loss":0,"_step":1000,"train_runtime":3516.1707,"train_steps_per_second":2.844,"train_samples_per_second":68.256,"train/grad_norm":NaN,"_wandb":{"runtime":3537},"total_flos":0,"train/epoch":4.916420845624385,"train/learning_rate":2.7339624120159555e-12,"train_loss":1.4661939626868735e+12,"train/global_step":10000,"_runtime":3515.498027041}