{"train/loss":0,"_wandb":{"runtime":10653},"train_steps_per_second":2.821,"train_loss":8.625999828331179e+11,"train/grad_norm":NaN,"train_samples_per_second":67.704,"total_flos":0,"_runtime":10633.170715729,"train/epoch":14.749262536873156,"train/global_step":30000,"train_runtime":10634.4756,"_timestamp":1.7521535600684514e+09,"_step":3000,"train/learning_rate":3.0377360626943076e-13}