{"train/learning_rate":1.0935849353854721e-11,"train_samples_per_second":17.236,"train_runtime":1160.3575,"train_steps_per_second":4.309,"_wandb":{"runtime":1186},"train/grad_norm":1.07919179776e+12,"train/epoch":0.40973531098910104,"_runtime":1159.397352435,"_step":500,"train/global_step":5000,"train/loss":3.4167341056e+10,"_timestamp":1.7522323105571315e+09,"total_flos":0,"train_loss":2.336012712168653e+12}