{"_timestamp":1.7521408396197867e+09,"train_loss":1.4562837758017537e+12,"_wandb":{"runtime":3456},"train/global_step":10000,"_step":1000,"train/epoch":4.916420845624385,"train_steps_per_second":2.928,"_runtime":3414.173268394,"train_samples_per_second":70.281,"train/loss":0,"train_runtime":3414.8567,"total_flos":0,"train/grad_norm":NaN,"train/learning_rate":2.7339624120159555e-12}