{"train/learning_rate":2.7339624120159555e-12,"train/global_step":10000,"total_flos":0,"_step":1000,"train_loss":1.069902432501316,"train_runtime":2107.8014,"_wandb":{"runtime":2126},"train/loss":0.583,"train_steps_per_second":4.744,"_timestamp":1.7522367457584467e+09,"train_samples_per_second":18.977,"train/grad_norm":4.277868747711182,"train/epoch":0.8194706219782021,"_runtime":2107.109087131}