{"train_runtime":2137.1367,"train_steps_per_second":4.679,"_step":1000,"total_flos":0,"train/global_step":10000,"train/epoch":0.8194706219782021,"train_loss":1.5301886035869695e+12,"train/loss":0,"train_samples_per_second":18.717,"train/grad_norm":NaN,"_wandb":{"runtime":2184},"_runtime":2136.452663503,"_timestamp":1.7522424925839047e+09,"train/learning_rate":2.7339624120159555e-12}