{"_runtime":1849.817250879,"train/learning_rate":2.7339624120159555e-12,"train_runtime":1850.6159,"train_steps_per_second":5.404,"train/global_step":10000,"train/loss":0,"_wandb":{"runtime":1869},"_step":1000,"train/epoch":0.8194706219782021,"_timestamp":1.752242084897347e+09,"train_samples_per_second":21.614,"train/grad_norm":NaN,"total_flos":0,"train_loss":1.498535323713536e+12}