{"train/loss":1.219,"_step":101,"train/grad_norm":6.394110202789307,"train/global_step":1020,"_runtime":462.734989938,"train/learning_rate":9.926538309841839e-05,"train/epoch":0.3343166175024582,"_wandb":{"runtime":463},"_timestamp":1.752106049217743e+09}