{"train_samples_per_second":20.917,"_step":1000,"total_flos":0,"train_steps_per_second":5.229,"train/grad_norm":4.093688488006592,"_timestamp":1.7522404671487374e+09,"train/loss":0.6941,"train_runtime":1912.3427,"train/epoch":0.8194706219782021,"train/global_step":10000,"_runtime":1911.663920609,"_wandb":{"runtime":1934},"train_loss":1.0992965533137322,"train/learning_rate":2.7339624120159555e-12}