{"train/learning_rate":2.7337132953697554e-08,"train/grad_norm":35.46965789794922,"_wandb":{"runtime":89},"_timestamp":1.7521373019221125e+09,"train_steps_per_second":1.478,"train/global_step":100,"train_runtime":67.6424,"train_loss":4.911315879821777,"_runtime":66.942784693,"train_samples_per_second":11.827,"total_flos":0,"_step":10,"train/loss":4.0499,"train/epoch":0.01638806948541462}