{"train_samples_per_second":61.042,"train/epoch":2.4582104228121926,"_runtime":1965.166061398,"train/loss":0.1919,"_wandb":{"runtime":1984},"train_steps_per_second":2.543,"train_runtime":1965.875,"train/global_step":5000,"_step":500,"total_flos":0,"_timestamp":1.7524888423301508e+09,"train/grad_norm":2.941359519958496,"train_loss":0.7678797323226929,"train/learning_rate":1.0935849353854721e-11}