{"train_runtime":15557.3747,"train/epoch":14.749262536873156,"train_samples_per_second":46.28,"_wandb":{"runtime":15579},"train/grad_norm":1.0815798044204712,"_step":3000,"train/loss":0.0652,"_runtime":15555.681485928,"train/learning_rate":3.0377360626943076e-13,"train_steps_per_second":1.928,"train_loss":0.31109866670767466,"total_flos":0,"_timestamp":1.7521584861121538e+09,"train/global_step":30000}