{"train/epoch":4.916420845624385,"train/global_step":10000,"_runtime":3945.19462445,"train/learning_rate":2.7339624120159555e-12,"_wandb":{"runtime":3974},"total_flos":0,"_step":1000,"train/grad_norm":NaN,"train_samples_per_second":60.818,"train_runtime":3946.1727,"train_loss":1.4670492179955713e+12,"train_steps_per_second":2.534,"_timestamp":1.7521413233051305e+09,"train/loss":0}