{"train_steps_per_second":2.736,"_runtime":10963.82580694,"train/loss":0.0669,"train/epoch":14.749262536873156,"train/grad_norm":1.1151843070983887,"total_flos":0,"train_loss":0.3115707878112793,"_wandb":{"runtime":10994},"_step":3000,"train/learning_rate":3.0377360626943076e-13,"_timestamp":1.752153870031822e+09,"train_runtime":10964.4555,"train_samples_per_second":65.667,"train/global_step":30000}